{
  "hash": "35fce1d4",
  "configHash": "5cc23738",
  "lockfileHash": "0320ae0a",
  "browserHash": "6dcec017",
  "optimized": {
    "@angular/common": {
      "src": "../../../../../../node_modules/@angular/common/fesm2022/common.mjs",
      "file": "@angular_common.js",
      "fileHash": "db8d221a",
      "needsInterop": false
    },
    "@angular/common/http": {
      "src": "../../../../../../node_modules/@angular/common/fesm2022/http.mjs",
      "file": "@angular_common_http.js",
      "fileHash": "1e2c863b",
      "needsInterop": false
    },
    "@angular/core": {
      "src": "../../../../../../node_modules/@angular/core/fesm2022/core.mjs",
      "file": "@angular_core.js",
      "fileHash": "6d614d78",
      "needsInterop": false
    },
    "@angular/forms": {
      "src": "../../../../../../node_modules/@angular/forms/fesm2022/forms.mjs",
      "file": "@angular_forms.js",
      "fileHash": "7b1e982e",
      "needsInterop": false
    },
    "@angular/platform-browser": {
      "src": "../../../../../../node_modules/@angular/platform-browser/fesm2022/platform-browser.mjs",
      "file": "@angular_platform-browser.js",
      "fileHash": "964c7b43",
      "needsInterop": false
    },
    "@angular/router": {
      "src": "../../../../../../node_modules/@angular/router/fesm2022/router.mjs",
      "file": "@angular_router.js",
      "fileHash": "e58e991d",
      "needsInterop": false
    }
  },
  "chunks": {
    "chunk-2X7QCYRL": {
      "file": "chunk-2X7QCYRL.js"
    },
    "chunk-BXCUBMJ2": {
      "file": "chunk-BXCUBMJ2.js"
    },
    "chunk-3KMWUBBH": {
      "file": "chunk-3KMWUBBH.js"
    },
    "chunk-PUZANCJH": {
      "file": "chunk-PUZANCJH.js"
    }
  }
}